{"cameraMode":{"drawMode":0,"name":"Shaded","section":"Shading Mode"},"sceneLighting":true,"audioPlay":false,"sceneViewState":{"m_AlwaysRefresh":true,"showFog":true,"showSkybox":true,"showFlares":true,"showImageEffects":true,"showParticleSystems":true,"showVisualEffectGraphs":true,"m_FxEnabled":true},"in2DMode":false,"pivot":{"x":0.8632873296737671,"y":3.3431763648986818,"z":-2.4684948921203615},"rotation":{"x":-0.3790833652019501,"y":-0.005000929348170757,"z":0.0020456721540540458,"w":-0.9253525137901306},"size":0.7141430377960205,"orthographic":false}